,alternateId,clientCountry,clientIpAddress
0,pwned@acme.com,United States,x.x.x.2
1,pwned@acme.com,United States,x.x.x.2
2,pwned@acme.com,United States,x.x.x.61
3,pwned@acme.com,United States,x.x.x.61
4,pwned@acme.com,United States,x.x.x.61
5,pwned@acme.com,United States,x.x.x.61
6,pwned@acme.com,United States,x.x.x.61
7,pwned@acme.com,United States,x.x.x.61
8,pwned@acme.com,United States,x.x.x.61
9,pwned@acme.com,United States,x.x.x.61
10,pwned@acme.com,United States,x.x.x.61
11,pwned@acme.com,United States,x.x.x.61
12,pwned@acme.com,United States,x.x.x.61
13,pwned@acme.com,United States,x.x.x.61
14,pwned@acme.com,United States,x.x.x.61
15,pwned@acme.com,United States,x.x.x.61
16,pwned@acme.com,United States,x.x.x.61
17,pwned@acme.com,United States,x.x.x.61
18,pwned@acme.com,United States,x.x.x.61
19,pwned@acme.com,United States,x.x.x.61
20,pwned@acme.com,United States,x.x.x.61
21,pwned@acme.com,United States,x.x.x.61
22,pwned@acme.com,United States,x.x.x.61
23,pwned@acme.com,United States,x.x.x.61
24,pwned@acme.com,United States,x.x.x.61
25,pwned@acme.com,United States,x.x.x.61
26,pwned@acme.com,United States,x.x.x.61
27,pwned@acme.com,United States,x.x.x.61
28,pwned@acme.com,United States,x.x.x.61
29,pwned@acme.com,United States,x.x.x.61
30,pwned@acme.com,United States,x.x.x.61
31,pwned@acme.com,United States,x.x.x.61
32,pwned@acme.com,United States,x.x.x.61
33,pwned@acme.com,United States,x.x.x.61
34,pwned@acme.com,United States,x.x.x.61
35,pwned@acme.com,United States,x.x.x.61
36,pwned@acme.com,United States,x.x.x.61
37,pwned@acme.com,United States,x.x.x.61
38,pwned@acme.com,United States,x.x.x.61
39,pwned@acme.com,United States,x.x.x.61
40,pwned@acme.com,United States,x.x.x.61
41,pwned@acme.com,United States,x.x.x.61
42,pwned@acme.com,United States,x.x.x.61
43,pwned@acme.com,United States,x.x.x.61
44,pwned@acme.com,United States,x.x.x.61
45,pwned@acme.com,United States,x.x.x.61
46,pwned@acme.com,United States,x.x.x.61
47,pwned@acme.com,United States,x.x.x.61
48,pwned@acme.com,United States,x.x.x.61
49,pwned@acme.com,United States,x.x.x.61
50,pwned@acme.com,United States,x.x.x.61
51,pwned@acme.com,United States,x.x.x.61
52,pwned@acme.com,United States,x.x.x.61
53,pwned@acme.com,United States,x.x.x.61
54,pwned@acme.com,United States,x.x.x.61
55,pwned@acme.com,United States,x.x.x.61
56,pwned@acme.com,United States,x.x.x.61
57,pwned@acme.com,United States,x.x.x.61
58,pwned@acme.com,United States,x.x.x.61
59,pwned@acme.com,United States,x.x.x.61
60,pwned@acme.com,United States,x.x.x.61
61,pwned@acme.com,United States,x.x.x.90
62,pwned@acme.com,United States,x.x.x.90
63,pwned@acme.com,United States,x.x.x.90
64,pwned@acme.com,United States,x.x.x.90
65,pwned@acme.com,United States,x.x.x.90
66,pwned@acme.com,United States,x.x.x.90
67,pwned@acme.com,United States,x.x.x.90
68,pwned@acme.com,United States,x.x.x.90
69,pwned@acme.com,United States,x.x.x.90
70,pwned@acme.com,United States,x.x.x.90
71,pwned@acme.com,United States,x.x.x.90
72,pwned@acme.com,United States,x.x.x.90
73,pwned@acme.com,United States,x.x.x.90
74,pwned@acme.com,United States,x.x.x.90
75,pwned@acme.com,United States,x.x.x.90
76,pwned@acme.com,United States,x.x.x.90
77,pwned@acme.com,United States,x.x.x.90
78,pwned@acme.com,United States,x.x.x.90
79,pwned@acme.com,United States,x.x.x.90
80,pwned@acme.com,United States,x.x.x.90
81,pwned@acme.com,United States,x.x.x.90
82,pwned@acme.com,United States,x.x.x.90
83,pwned@acme.com,United States,x.x.x.90
84,pwned@acme.com,United States,x.x.x.90
85,pwned@acme.com,United States,x.x.x.90
86,pwned@acme.com,United States,x.x.x.90
87,pwned@acme.com,United States,x.x.x.90
88,pwned@acme.com,United States,x.x.x.90
89,pwned@acme.com,United States,x.x.x.90
90,pwned@acme.com,United States,x.x.x.90
91,pwned@acme.com,United States,x.x.x.90
92,pwned@acme.com,United States,x.x.x.90
93,pwned@acme.com,United States,x.x.x.90
94,pwned@acme.com,United States,x.x.x.90
95,pwned@acme.com,United States,x.x.x.90
96,pwned@acme.com,United States,x.x.x.90
97,pwned@acme.com,United States,x.x.x.90
98,pwned@acme.com,United States,x.x.x.90
99,pwned@acme.com,United States,x.x.x.90
100,pwned@acme.com,United States,x.x.x.90
101,pwned@acme.com,United States,x.x.x.90
102,pwned@acme.com,United States,x.x.x.90
103,pwned@acme.com,United States,x.x.x.90
104,pwned@acme.com,United States,x.x.x.90
105,pwned@acme.com,United States,x.x.x.90
106,pwned@acme.com,United States,x.x.x.90
107,pwned@acme.com,United States,x.x.x.90
108,pwned@acme.com,United States,x.x.x.90
109,pwned@acme.com,United States,x.x.x.90
110,pwned@acme.com,United States,x.x.x.90
111,pwned@acme.com,United States,x.x.x.90
112,pwned@acme.com,United States,x.x.x.90
113,pwned@acme.com,United States,x.x.x.90
114,pwned@acme.com,United States,x.x.x.90
115,pwned@acme.com,United States,x.x.x.90
116,pwned@acme.com,United States,x.x.x.90
117,pwned@acme.com,United States,x.x.x.90
118,pwned@acme.com,United States,x.x.x.90
119,pwned@acme.com,United States,x.x.x.90
120,pwned@acme.com,United States,x.x.x.90
121,pwned@acme.com,United States,x.x.x.90
122,pwned@acme.com,United States,x.x.x.90
123,pwned@acme.com,United States,x.x.x.90
124,pwned@acme.com,United States,x.x.x.90
125,pwned@acme.com,United States,x.x.x.90
126,pwned@acme.com,United States,x.x.x.90
127,pwned@acme.com,United States,x.x.x.90
128,pwned@acme.com,United States,x.x.x.90
129,pwned@acme.com,United States,x.x.x.90
130,pwned@acme.com,United States,x.x.x.90
131,pwned@acme.com,United States,x.x.x.90
132,pwned@acme.com,United States,x.x.x.90
133,pwned@acme.com,United States,x.x.x.90
134,pwned@acme.com,United States,x.x.x.90
135,pwned@acme.com,United States,x.x.x.90
136,pwned@acme.com,United States,x.x.x.90
137,pwned@acme.com,United States,x.x.x.90
138,pwned@acme.com,United States,x.x.x.90
139,pwned@acme.com,United States,x.x.x.90
140,pwned@acme.com,United States,x.x.x.90
141,pwned@acme.com,United States,x.x.x.90
142,pwned@acme.com,United States,x.x.x.90
143,pwned@acme.com,United States,x.x.x.90
144,pwned@acme.com,United States,x.x.x.90
145,pwned@acme.com,United States,x.x.x.90
146,pwned@acme.com,United States,x.x.x.90
147,pwned@acme.com,United States,x.x.x.90
148,pwned@acme.com,United States,x.x.x.90
149,pwned@acme.com,United States,x.x.x.90
150,pwned@acme.com,United States,x.x.x.90
151,pwned@acme.com,United States,x.x.x.90
152,pwned@acme.com,United States,x.x.x.90
153,pwned@acme.com,United States,x.x.x.90
154,pwned@acme.com,United States,x.x.x.90
155,pwned@acme.com,United States,x.x.x.90
156,pwned@acme.com,United States,x.x.x.90
157,pwned@acme.com,United States,x.x.x.90
158,pwned@acme.com,United States,x.x.x.90
159,pwned@acme.com,United States,x.x.x.90
160,pwned@acme.com,United States,x.x.x.90
161,pwned@acme.com,United States,x.x.x.90
162,pwned@acme.com,United States,x.x.x.90
163,pwned@acme.com,United States,x.x.x.90
164,pwned@acme.com,United States,x.x.x.9
165,pwned@acme.com,United States,x.x.x.9
166,pwned@acme.com,United States,x.x.x.243
167,pwned@acme.com,United States,x.x.x.243
168,pwned@acme.com,United States,x.x.x.243
169,pwned@acme.com,United States,x.x.x.243
170,pwned@acme.com,United States,x.x.x.243
171,pwned@acme.com,United States,x.x.x.243
172,pwned@acme.com,United States,x.x.x.243
173,pwned@acme.com,United States,x.x.x.243
174,pwned@acme.com,United States,x.x.x.243
175,pwned@acme.com,United States,x.x.x.243
176,pwned@acme.com,United States,x.x.x.243
177,pwned@acme.com,United States,x.x.x.243
178,pwned@acme.com,United States,x.x.x.243
179,pwned@acme.com,United States,x.x.x.243
180,pwned@acme.com,United States,x.x.x.243
181,pwned@acme.com,United States,x.x.x.123
182,pwned@acme.com,United States,x.x.x.123
183,pwned@acme.com,United States,x.x.x.123
184,pwned@acme.com,United States,x.x.x.123
185,pwned@acme.com,United States,x.x.x.123
186,pwned@acme.com,United States,x.x.x.123
187,pwned@acme.com,United States,x.x.x.123
188,pwned@acme.com,United States,x.x.x.123
189,pwned@acme.com,United States,x.x.x.123
190,pwned@acme.com,United States,x.x.x.123
191,pwned@acme.com,United States,x.x.x.144
192,pwned@acme.com,United States,x.x.x.144
193,pwned@acme.com,United States,x.x.x.144
194,pwned@acme.com,United States,x.x.x.144
195,pwned@acme.com,United States,x.x.x.144
196,pwned@acme.com,United States,x.x.x.78
197,pwned@acme.com,United States,x.x.x.78
198,pwned@acme.com,United States,x.x.x.78
199,pwned@acme.com,United States,x.x.x.78
200,pwned@acme.com,United States,x.x.x.78
201,pwned@acme.com,United States,x.x.x.78
202,pwned@acme.com,United States,x.x.x.78
203,pwned@acme.com,United States,x.x.x.78
204,pwned@acme.com,United States,x.x.x.78
205,pwned@acme.com,United States,x.x.x.78
206,pwned@acme.com,United States,x.x.x.78
207,pwned@acme.com,United States,x.x.x.78
208,pwned@acme.com,United States,x.x.x.78
209,pwned@acme.com,United States,x.x.x.78
210,pwned@acme.com,United States,x.x.x.78
211,pwned@acme.com,United States,x.x.x.78
212,pwned@acme.com,United States,x.x.x.78
213,pwned@acme.com,United States,x.x.x.78
214,pwned@acme.com,United States,x.x.x.78
215,pwned@acme.com,United States,x.x.x.78
216,pwned@acme.com,United States,x.x.x.78
217,pwned@acme.com,United States,x.x.x.78
218,pwned@acme.com,United States,x.x.x.78
219,pwned@acme.com,United States,x.x.x.78
220,pwned@acme.com,United States,x.x.x.78
221,pwned@acme.com,United States,x.x.x.6
222,pwned@acme.com,United States,x.x.x.6
223,pwned@acme.com,United States,x.x.x.6
224,pwned@acme.com,United States,x.x.x.6
225,pwned@acme.com,United States,x.x.x.6
226,pwned@acme.com,United States,x.x.x.6
227,pwned@acme.com,United States,x.x.x.6
228,pwned@acme.com,United States,x.x.x.6
229,pwned@acme.com,United States,x.x.x.6
230,pwned@acme.com,United States,x.x.x.6
231,pwned@acme.com,United States,x.x.x.6
232,pwned@acme.com,United States,x.x.x.6
233,pwned@acme.com,United States,x.x.x.6
234,pwned@acme.com,United States,x.x.x.6
235,pwned@acme.com,United States,x.x.x.6
236,pwned@acme.com,United States,x.x.x.6
237,pwned@acme.com,United States,x.x.x.6
238,pwned@acme.com,United States,x.x.x.6
239,pwned@acme.com,United States,x.x.x.6
240,pwned@acme.com,United States,x.x.x.6
241,pwned@acme.com,United States,x.x.x.6
242,pwned@acme.com,United States,x.x.x.6
243,pwned@acme.com,United States,x.x.x.164
244,pwned@acme.com,United States,x.x.x.164
245,pwned@acme.com,United States,x.x.x.164
246,pwned@acme.com,United States,x.x.x.164
247,pwned@acme.com,United States,x.x.x.164
248,pwned@acme.com,United States,x.x.x.164
249,pwned@acme.com,United States,x.x.x.164
250,pwned@acme.com,United States,x.x.x.164
251,pwned@acme.com,United States,x.x.x.164
252,pwned@acme.com,United States,x.x.x.164
253,pwned@acme.com,United States,x.x.x.164
254,pwned@acme.com,United States,x.x.x.164
255,pwned@acme.com,United States,x.x.x.164
256,pwned@acme.com,United States,x.x.x.164
257,pwned@acme.com,United States,x.x.x.164
258,pwned@acme.com,United States,x.x.x.164
259,pwned@acme.com,United States,x.x.x.164
260,pwned@acme.com,United States,x.x.x.164
261,pwned@acme.com,United States,x.x.x.164
262,pwned@acme.com,United States,x.x.x.164
263,pwned@acme.com,United States,x.x.x.164
264,pwned@acme.com,United States,x.x.x.96
265,pwned@acme.com,United States,x.x.x.96
266,pwned@acme.com,United States,x.x.x.105
267,pwned@acme.com,United States,x.x.x.105
268,pwned@acme.com,United States,x.x.x.105
269,pwned@acme.com,United States,x.x.x.105
270,pwned@acme.com,United States,x.x.x.105
271,pwned@acme.com,United States,x.x.x.105
272,pwned@acme.com,United States,x.x.x.105
273,pwned@acme.com,United States,x.x.x.105
274,pwned@acme.com,United States,x.x.x.105
275,pwned@acme.com,United States,x.x.x.105
276,pwned@acme.com,United States,x.x.x.105
277,pwned@acme.com,United States,x.x.x.105
278,pwned@acme.com,United States,x.x.x.105
279,pwned@acme.com,United States,x.x.x.105
280,pwned@acme.com,United States,x.x.x.105
281,pwned@acme.com,United States,x.x.x.105
282,pwned@acme.com,United States,x.x.x.105
283,pwned@acme.com,United States,x.x.x.105
284,pwned@acme.com,United States,x.x.x.105
285,pwned@acme.com,United States,x.x.x.105
286,pwned@acme.com,United States,x.x.x.105
287,pwned@acme.com,United States,x.x.x.105
288,pwned@acme.com,United States,x.x.x.105
289,pwned@acme.com,United States,x.x.x.105
290,pwned@acme.com,United States,x.x.x.105
291,pwned@acme.com,United States,x.x.x.105
292,pwned@acme.com,United States,x.x.x.105
293,pwned@acme.com,United States,x.x.x.105
294,pwned@acme.com,United States,x.x.x.105
295,pwned@acme.com,United States,x.x.x.105
296,pwned@acme.com,United States,x.x.x.105
297,pwned@acme.com,United States,x.x.x.105
298,pwned@acme.com,United States,x.x.x.105
299,pwned@acme.com,United States,x.x.x.105
300,pwned@acme.com,United States,x.x.x.105
301,pwned@acme.com,United States,x.x.x.105
302,pwned@acme.com,United States,x.x.x.105
303,pwned@acme.com,United States,x.x.x.105
304,pwned@acme.com,United States,x.x.x.105
305,pwned@acme.com,United States,x.x.x.105
306,pwned@acme.com,United States,x.x.x.105
307,pwned@acme.com,United States,x.x.x.105
308,pwned@acme.com,United States,x.x.x.105
309,pwned@acme.com,United States,x.x.x.105
310,pwned@acme.com,United States,x.x.x.105
311,pwned@acme.com,United States,x.x.x.105
312,pwned@acme.com,United States,x.x.x.105
313,pwned@acme.com,United States,x.x.x.105
314,pwned@acme.com,United States,x.x.x.105
315,pwned@acme.com,United States,x.x.x.105
316,pwned@acme.com,United States,x.x.x.105
317,pwned@acme.com,United States,x.x.x.105
318,pwned@acme.com,United States,x.x.x.105
319,pwned@acme.com,United States,x.x.x.105
320,pwned@acme.com,United States,x.x.x.105
321,pwned@acme.com,United States,x.x.x.105
322,pwned@acme.com,United States,x.x.x.105
323,pwned@acme.com,United States,x.x.x.105
324,pwned@acme.com,United States,x.x.x.105
325,pwned@acme.com,United States,x.x.x.105
326,pwned@acme.com,United States,x.x.x.105
327,pwned@acme.com,United States,x.x.x.105
328,pwned@acme.com,United States,x.x.x.105
329,pwned@acme.com,United States,x.x.x.105
330,pwned@acme.com,United States,x.x.x.105
331,pwned@acme.com,United States,x.x.x.105
332,pwned@acme.com,United States,x.x.x.105
333,pwned@acme.com,United States,x.x.x.105
334,pwned@acme.com,United States,x.x.x.105
335,pwned@acme.com,United States,x.x.x.105
336,pwned@acme.com,United States,x.x.x.105
337,pwned@acme.com,United States,x.x.x.105
338,pwned@acme.com,United States,x.x.x.105
339,pwned@acme.com,United States,x.x.x.105
340,pwned@acme.com,United States,x.x.x.105
341,pwned@acme.com,United States,x.x.x.105
342,pwned@acme.com,United States,x.x.x.105
343,pwned@acme.com,United States,x.x.x.105
344,pwned@acme.com,United States,x.x.x.105
345,pwned@acme.com,United States,x.x.x.105
346,pwned@acme.com,United States,x.x.x.105
347,pwned@acme.com,United States,x.x.x.105
348,pwned@acme.com,United States,x.x.x.105
349,pwned@acme.com,United States,x.x.x.105
350,pwned@acme.com,United States,x.x.x.105
351,pwned@acme.com,United States,x.x.x.105
352,pwned@acme.com,United States,x.x.x.105
353,pwned@acme.com,United States,x.x.x.105
354,pwned@acme.com,United States,x.x.x.105
355,pwned@acme.com,United States,x.x.x.105
356,pwned@acme.com,United States,x.x.x.105
357,pwned@acme.com,United States,x.x.x.105
358,pwned@acme.com,United States,x.x.x.105
359,pwned@acme.com,United States,x.x.x.105
360,pwned@acme.com,United States,x.x.x.105
361,pwned@acme.com,United States,x.x.x.105
362,pwned@acme.com,United States,x.x.x.105
363,pwned@acme.com,United States,x.x.x.105
364,pwned@acme.com,United States,x.x.x.105
365,pwned@acme.com,United States,x.x.x.105
366,pwned@acme.com,United States,x.x.x.105
367,pwned@acme.com,United States,x.x.x.105
368,pwned@acme.com,United States,x.x.x.105
369,pwned@acme.com,United States,x.x.x.105
370,pwned@acme.com,United States,x.x.x.105
371,pwned@acme.com,United States,x.x.x.105
372,pwned@acme.com,United States,x.x.x.105
373,pwned@acme.com,United States,x.x.x.105
374,pwned@acme.com,United States,x.x.x.105
375,pwned@acme.com,United States,x.x.x.105
376,pwned@acme.com,United States,x.x.x.105
377,pwned@acme.com,United States,x.x.x.105
378,pwned@acme.com,United States,x.x.x.105
379,pwned@acme.com,United States,x.x.x.105
380,pwned@acme.com,United States,x.x.x.105
381,pwned@acme.com,United States,x.x.x.105
382,pwned@acme.com,United States,x.x.x.105
383,pwned@acme.com,United States,x.x.x.105
384,pwned@acme.com,United States,x.x.x.105
385,pwned@acme.com,United States,x.x.x.105
386,pwned@acme.com,United States,x.x.x.105
387,pwned@acme.com,United States,x.x.x.105
388,pwned@acme.com,United States,x.x.x.105
389,pwned@acme.com,United States,x.x.x.105
390,pwned@acme.com,United States,x.x.x.105
391,pwned@acme.com,United States,x.x.x.105
392,pwned@acme.com,United States,x.x.x.105
393,pwned@acme.com,United States,x.x.x.105
394,pwned@acme.com,United States,x.x.x.105
395,pwned@acme.com,United States,x.x.x.105
396,pwned@acme.com,United States,x.x.x.105
397,pwned@acme.com,United States,x.x.x.105
398,pwned@acme.com,United States,x.x.x.105
399,pwned@acme.com,United States,x.x.x.105
400,pwned@acme.com,United States,x.x.x.105
401,pwned@acme.com,United States,x.x.x.105
402,pwned@acme.com,United States,x.x.x.105
403,pwned@acme.com,United States,x.x.x.105
404,pwned@acme.com,United States,x.x.x.105
405,pwned@acme.com,United States,x.x.x.105
406,pwned@acme.com,United Kingdom,x.x.x.37
407,pwned@acme.com,United Kingdom,x.x.x.37
408,pwned@acme.com,United Kingdom,x.x.x.37
409,pwned@acme.com,United Kingdom,x.x.x.37
410,pwned@acme.com,United Kingdom,x.x.x.37
411,pwned@acme.com,United Kingdom,x.x.x.37
412,pwned@acme.com,United Kingdom,x.x.x.37
413,pwned@acme.com,United Kingdom,x.x.x.37
414,pwned@acme.com,United Kingdom,x.x.x.37
415,pwned@acme.com,United Kingdom,x.x.x.37
416,pwned@acme.com,United Kingdom,x.x.x.37
417,pwned@acme.com,United Kingdom,x.x.x.37
418,pwned@acme.com,United Kingdom,x.x.x.37
419,pwned@acme.com,United Kingdom,x.x.x.37
420,pwned@acme.com,United Kingdom,x.x.x.37
421,pwned@acme.com,United Kingdom,x.x.x.37
422,pwned@acme.com,United Kingdom,x.x.x.37
423,pwned@acme.com,United Kingdom,x.x.x.37
424,pwned@acme.com,United Kingdom,x.x.x.37
425,pwned@acme.com,United Kingdom,x.x.x.37
426,pwned@acme.com,United Kingdom,x.x.x.37
427,pwned@acme.com,United Kingdom,x.x.x.37
428,pwned@acme.com,United Kingdom,x.x.x.37
429,pwned@acme.com,United Kingdom,x.x.x.37
430,pwned@acme.com,United Kingdom,x.x.x.37
431,pwned@acme.com,United Kingdom,x.x.x.37
432,pwned@acme.com,United Kingdom,x.x.x.37
433,pwned@acme.com,United Kingdom,x.x.x.37
434,pwned@acme.com,United Kingdom,x.x.x.37
435,pwned@acme.com,United Kingdom,x.x.x.37
436,pwned@acme.com,United Kingdom,x.x.x.37
437,pwned@acme.com,United Kingdom,x.x.x.37
438,pwned@acme.com,United Kingdom,x.x.x.37
439,pwned@acme.com,United Kingdom,x.x.x.37
440,pwned@acme.com,United Kingdom,x.x.x.37
441,pwned@acme.com,United Kingdom,x.x.x.37
442,pwned@acme.com,United Kingdom,x.x.x.37
443,pwned@acme.com,United Kingdom,x.x.x.37
444,pwned@acme.com,United Kingdom,x.x.x.37
445,pwned@acme.com,United Kingdom,x.x.x.37
446,pwned@acme.com,United Kingdom,x.x.x.37
447,pwned@acme.com,United Kingdom,x.x.x.37
448,pwned@acme.com,United Kingdom,x.x.x.37
449,pwned@acme.com,United Kingdom,x.x.x.37
450,pwned@acme.com,United Kingdom,x.x.x.37
451,pwned@acme.com,United Kingdom,x.x.x.37
452,pwned@acme.com,United Kingdom,x.x.x.37
453,pwned@acme.com,United Kingdom,x.x.x.37
454,pwned@acme.com,United Kingdom,x.x.x.37
455,pwned@acme.com,United Kingdom,x.x.x.37
456,pwned@acme.com,United Kingdom,x.x.x.37
457,pwned@acme.com,United Kingdom,x.x.x.37
458,pwned@acme.com,United Kingdom,x.x.x.37
459,pwned@acme.com,United Kingdom,x.x.x.37
460,pwned@acme.com,United States,x.x.x.241
461,pwned@acme.com,United States,x.x.x.241
462,pwned@acme.com,United States,x.x.x.241
463,pwned@acme.com,United States,x.x.x.241
464,pwned@acme.com,United States,x.x.x.241
465,pwned@acme.com,United States,x.x.x.241
466,pwned@acme.com,United States,x.x.x.241
467,pwned@acme.com,United States,x.x.x.241
468,pwned@acme.com,United States,x.x.x.241
469,pwned@acme.com,United States,x.x.x.241
470,pwned@acme.com,United States,x.x.x.146
471,pwned@acme.com,United States,x.x.x.146
472,pwned@acme.com,United States,x.x.x.146
473,pwned@acme.com,United States,x.x.x.146
474,pwned@acme.com,United States,x.x.x.146
475,pwned@acme.com,United States,x.x.x.146
476,pwned@acme.com,United States,x.x.x.126
477,pwned@acme.com,United States,x.x.x.126
478,pwned@acme.com,United States,x.x.x.126
479,pwned@acme.com,United States,x.x.x.126
480,pwned@acme.com,United States,x.x.x.126
481,pwned@acme.com,United States,x.x.x.126
482,pwned@acme.com,United States,x.x.x.126
483,pwned@acme.com,United States,x.x.x.126
484,pwned@acme.com,United States,x.x.x.126
485,pwned@acme.com,United States,x.x.x.126
486,pwned@acme.com,United States,x.x.x.126
487,pwned@acme.com,United States,x.x.x.126
488,pwned@acme.com,United States,x.x.x.126
489,pwned@acme.com,United States,x.x.x.126
490,pwned@acme.com,United States,x.x.x.126
491,pwned@acme.com,United States,x.x.x.126
492,pwned@acme.com,United States,x.x.x.126
493,pwned@acme.com,United States,x.x.x.126
494,pwned@acme.com,United States,x.x.x.126
495,pwned@acme.com,United States,x.x.x.126
496,pwned@acme.com,United States,x.x.x.126
497,pwned@acme.com,United States,x.x.x.126
498,pwned@acme.com,United States,x.x.x.126
499,pwned@acme.com,United States,x.x.x.126
500,pwned@acme.com,United States,x.x.x.126
501,pwned@acme.com,United States,x.x.x.126
502,pwned@acme.com,United States,x.x.x.126
503,pwned@acme.com,United States,x.x.x.126
504,pwned@acme.com,United States,x.x.x.126
505,pwned@acme.com,United States,x.x.x.126
506,pwned@acme.com,United States,x.x.x.126
507,pwned@acme.com,United States,x.x.x.126
508,pwned@acme.com,United States,x.x.x.126
509,pwned@acme.com,United States,x.x.x.126
510,pwned@acme.com,United States,x.x.x.126
511,pwned@acme.com,United States,x.x.x.126
512,pwned@acme.com,United States,x.x.x.126
513,pwned@acme.com,United States,x.x.x.126
514,pwned@acme.com,United States,x.x.x.126
515,pwned@acme.com,United States,x.x.x.126
516,pwned@acme.com,United States,x.x.x.126
517,pwned@acme.com,United States,x.x.x.126
518,pwned@acme.com,United States,x.x.x.126
519,pwned@acme.com,United States,x.x.x.126
520,pwned@acme.com,United States,x.x.x.126
521,pwned@acme.com,United States,x.x.x.126
522,pwned@acme.com,United States,x.x.x.126
523,pwned@acme.com,United States,x.x.x.126
524,pwned@acme.com,United States,x.x.x.126
525,pwned@acme.com,United States,x.x.x.41
526,pwned@acme.com,United States,x.x.x.41
527,pwned@acme.com,United States,x.x.x.41
528,pwned@acme.com,United States,x.x.x.41
529,pwned@acme.com,United States,x.x.x.41
530,pwned@acme.com,United States,x.x.x.41
531,pwned@acme.com,United States,x.x.x.41
532,pwned@acme.com,United States,x.x.x.41
533,pwned@acme.com,United States,x.x.x.41
534,pwned@acme.com,United States,x.x.x.41
535,pwned@acme.com,United States,x.x.x.41
536,pwned@acme.com,United States,x.x.x.41
537,pwned@acme.com,United States,x.x.x.41
538,pwned@acme.com,United States,x.x.x.41
539,pwned@acme.com,United States,x.x.x.41
540,pwned@acme.com,United States,x.x.x.41
541,pwned@acme.com,United States,x.x.x.41
542,pwned@acme.com,United States,x.x.x.41
543,pwned@acme.com,United States,x.x.x.41
544,pwned@acme.com,United States,x.x.x.41
545,pwned@acme.com,United States,x.x.x.41
546,pwned@acme.com,United States,x.x.x.41
547,pwned@acme.com,United States,x.x.x.41
548,pwned@acme.com,United States,x.x.x.41
549,pwned@acme.com,United States,x.x.x.41
550,pwned@acme.com,United States,x.x.x.41
551,pwned@acme.com,United States,x.x.x.41
552,pwned@acme.com,United States,x.x.x.41
553,pwned@acme.com,United States,x.x.x.41
554,pwned@acme.com,United States,x.x.x.41
555,pwned@acme.com,United States,x.x.x.41
556,pwned@acme.com,United States,x.x.x.41
557,pwned@acme.com,United States,x.x.x.41
558,pwned@acme.com,United States,x.x.x.41
559,pwned@acme.com,United States,x.x.x.41
560,pwned@acme.com,United States,x.x.x.41
561,pwned@acme.com,United States,x.x.x.41
562,pwned@acme.com,United States,x.x.x.41
563,pwned@acme.com,United States,x.x.x.41
564,pwned@acme.com,United States,x.x.x.41
565,pwned@acme.com,United States,x.x.x.41
566,pwned@acme.com,United States,x.x.x.41
567,pwned@acme.com,United States,x.x.x.41
568,pwned@acme.com,United States,x.x.x.41
569,pwned@acme.com,United States,x.x.x.41
570,pwned@acme.com,United States,x.x.x.41
571,pwned@acme.com,United States,x.x.x.41
572,pwned@acme.com,United States,x.x.x.41
573,pwned@acme.com,United States,x.x.x.41
574,pwned@acme.com,United States,x.x.x.41
575,pwned@acme.com,United States,x.x.x.41
576,pwned@acme.com,United States,x.x.x.41
577,pwned@acme.com,United States,x.x.x.41
578,pwned@acme.com,United States,x.x.x.183
579,pwned@acme.com,United States,x.x.x.183
580,pwned@acme.com,United States,x.x.x.183
581,pwned@acme.com,United States,x.x.x.183
582,pwned@acme.com,United States,x.x.x.183
583,pwned@acme.com,United States,x.x.x.183
584,pwned@acme.com,United States,x.x.x.183
585,pwned@acme.com,United States,x.x.x.183
586,pwned@acme.com,United States,x.x.x.183
587,pwned@acme.com,United States,x.x.x.183
588,pwned@acme.com,United States,x.x.x.183
589,pwned@acme.com,United States,x.x.x.183
590,pwned@acme.com,United States,x.x.x.183
591,pwned@acme.com,United States,x.x.x.183
592,pwned@acme.com,United States,x.x.x.183
593,pwned@acme.com,United States,x.x.x.183
594,pwned@acme.com,United States,x.x.x.183
595,pwned@acme.com,United States,x.x.x.183
596,pwned@acme.com,United States,x.x.x.183
597,pwned@acme.com,United States,x.x.x.183
598,pwned@acme.com,United States,x.x.x.183
599,pwned@acme.com,United States,x.x.x.183
600,pwned@acme.com,United States,x.x.x.61
601,pwned@acme.com,United States,x.x.x.61
602,pwned@acme.com,United States,x.x.x.61
603,pwned@acme.com,United States,x.x.x.61
604,pwned@acme.com,United States,x.x.x.61
605,pwned@acme.com,United States,x.x.x.61
606,pwned@acme.com,United States,x.x.x.61
607,pwned@acme.com,United States,x.x.x.61
608,pwned@acme.com,United States,x.x.x.61
609,pwned@acme.com,United States,x.x.x.61
610,pwned@acme.com,United States,x.x.x.61
611,pwned@acme.com,United States,x.x.x.61
612,pwned@acme.com,United States,x.x.x.28
613,pwned@acme.com,United States,x.x.x.28
614,pwned@acme.com,United States,x.x.x.245
615,pwned@acme.com,United States,x.x.x.245
616,pwned@acme.com,United States,x.x.x.245
617,pwned@acme.com,United States,x.x.x.245
618,pwned@acme.com,United States,x.x.x.245
619,pwned@acme.com,United States,x.x.x.245
620,pwned@acme.com,United States,x.x.x.245
621,pwned@acme.com,United States,x.x.x.245
622,pwned@acme.com,United States,x.x.x.245
623,pwned@acme.com,United States,x.x.x.245
624,pwned@acme.com,United States,x.x.x.245
625,pwned@acme.com,United States,x.x.x.245
626,pwned@acme.com,United States,x.x.x.245
627,pwned@acme.com,United States,x.x.x.245
628,pwned@acme.com,United States,x.x.x.245
629,pwned@acme.com,United States,x.x.x.245
630,pwned@acme.com,United States,x.x.x.245
631,pwned@acme.com,United States,x.x.x.245
632,pwned@acme.com,United States,x.x.x.245
633,pwned@acme.com,United States,x.x.x.245
634,pwned@acme.com,United States,x.x.x.245
635,pwned@acme.com,United States,x.x.x.245
636,pwned@acme.com,United States,x.x.x.245
637,pwned@acme.com,United States,x.x.x.245
638,pwned@acme.com,United States,x.x.x.235
639,pwned@acme.com,United States,x.x.x.235
640,pwned@acme.com,United States,x.x.x.235
641,pwned@acme.com,United States,x.x.x.235
642,pwned@acme.com,United States,x.x.x.235
643,pwned@acme.com,United States,x.x.x.235
644,pwned@acme.com,United States,x.x.x.235
645,pwned@acme.com,United States,x.x.x.235
646,pwned@acme.com,United States,x.x.x.235
647,pwned@acme.com,United States,x.x.x.235
648,pwned@acme.com,United States,x.x.x.235
649,pwned@acme.com,United States,x.x.x.235
650,pwned@acme.com,United States,x.x.x.235
651,pwned@acme.com,United States,x.x.x.235
652,pwned@acme.com,United States,x.x.x.235
653,pwned@acme.com,United States,x.x.x.235
654,pwned@acme.com,United States,x.x.x.235
655,pwned@acme.com,United States,x.x.x.235
656,pwned@acme.com,United States,x.x.x.235
657,pwned@acme.com,United States,x.x.x.235
658,pwned@acme.com,United States,x.x.x.235
659,pwned@acme.com,United States,x.x.x.235
660,pwned@acme.com,United States,x.x.x.235
661,pwned@acme.com,United States,x.x.x.235
662,pwned@acme.com,United States,x.x.x.235
663,pwned@acme.com,United States,x.x.x.235
664,pwned@acme.com,United States,x.x.x.235
665,pwned@acme.com,United States,x.x.x.235
666,pwned@acme.com,United States,x.x.x.235
667,pwned@acme.com,United States,x.x.x.235
668,pwned@acme.com,United States,x.x.x.235
669,pwned@acme.com,United States,x.x.x.235
670,pwned@acme.com,United States,x.x.x.235
671,pwned@acme.com,United States,x.x.x.235
672,pwned@acme.com,United States,x.x.x.235
673,pwned@acme.com,United States,x.x.x.235
674,pwned@acme.com,United States,x.x.x.235
675,pwned@acme.com,United States,x.x.x.235
676,pwned@acme.com,United States,x.x.x.235
677,pwned@acme.com,United States,x.x.x.235
678,pwned@acme.com,United States,x.x.x.235
679,pwned@acme.com,United States,x.x.x.235
680,pwned@acme.com,United States,x.x.x.133
681,pwned@acme.com,United States,x.x.x.133
682,pwned@acme.com,United States,x.x.x.133
683,pwned@acme.com,United States,x.x.x.133
684,pwned@acme.com,United States,x.x.x.133
685,pwned@acme.com,United States,x.x.x.133
686,pwned@acme.com,United States,x.x.x.133
687,pwned@acme.com,United States,x.x.x.244
688,pwned@acme.com,United States,x.x.x.244
689,pwned@acme.com,United States,x.x.x.244
690,pwned@acme.com,United States,x.x.x.244
691,pwned@acme.com,United States,x.x.x.244
692,pwned@acme.com,United States,x.x.x.244
693,pwned@acme.com,United States,x.x.x.244
694,pwned@acme.com,United States,x.x.x.244
695,pwned@acme.com,United States,x.x.x.244
696,pwned@acme.com,United States,x.x.x.244
697,pwned@acme.com,United States,x.x.x.244
698,pwned@acme.com,United States,x.x.x.244
699,pwned@acme.com,United States,x.x.x.244
700,pwned@acme.com,United States,x.x.x.244
701,pwned@acme.com,United States,x.x.x.245
702,pwned@acme.com,United States,x.x.x.245
703,pwned@acme.com,United States,x.x.x.245
704,pwned@acme.com,United States,x.x.x.245
705,pwned@acme.com,United States,x.x.x.245
706,pwned@acme.com,United States,x.x.x.245
707,pwned@acme.com,United States,x.x.x.245
708,pwned@acme.com,United States,x.x.x.245
709,pwned@acme.com,United States,x.x.x.245
710,pwned@acme.com,United States,x.x.x.245
711,pwned@acme.com,United States,x.x.x.245
712,pwned@acme.com,United States,x.x.x.245
713,pwned@acme.com,United States,x.x.x.245
714,pwned@acme.com,United States,x.x.x.245
715,pwned@acme.com,United States,x.x.x.245
716,pwned@acme.com,United States,x.x.x.245
717,pwned@acme.com,United States,x.x.x.245
718,pwned@acme.com,United States,x.x.x.245
719,pwned@acme.com,United States,x.x.x.245
720,pwned@acme.com,United States,x.x.x.245
721,pwned@acme.com,United States,x.x.x.245
722,pwned@acme.com,United States,x.x.x.245
723,pwned@acme.com,United States,x.x.x.245
724,pwned@acme.com,United States,x.x.x.245
725,pwned@acme.com,United States,x.x.x.245
726,pwned@acme.com,United States,x.x.x.245
727,pwned@acme.com,United States,x.x.x.245
728,pwned@acme.com,United States,x.x.x.245
729,pwned@acme.com,United States,x.x.x.245
730,pwned@acme.com,United States,x.x.x.245
731,pwned@acme.com,United States,x.x.x.245
732,pwned@acme.com,United States,x.x.x.245
733,pwned@acme.com,United States,x.x.x.245
734,pwned@acme.com,United States,x.x.x.245
735,pwned@acme.com,United States,x.x.x.245
736,pwned@acme.com,United States,x.x.x.245
737,pwned@acme.com,United States,x.x.x.245
738,pwned@acme.com,United States,x.x.x.245
739,pwned@acme.com,United States,x.x.x.245
740,pwned@acme.com,United States,x.x.x.245
741,pwned@acme.com,United States,x.x.x.16
742,pwned@acme.com,United States,x.x.x.16
743,pwned@acme.com,United States,x.x.x.16
744,pwned@acme.com,United States,x.x.x.16
745,pwned@acme.com,United States,x.x.x.16
746,pwned@acme.com,United States,x.x.x.16
747,pwned@acme.com,United States,x.x.x.34
748,pwned@acme.com,United States,x.x.x.34
749,pwned@acme.com,United States,x.x.x.34
750,pwned@acme.com,United States,x.x.x.34
751,pwned@acme.com,United States,x.x.x.34
752,pwned@acme.com,United States,x.x.x.34
753,pwned@acme.com,United States,x.x.x.254
754,pwned@acme.com,United States,x.x.x.254
755,pwned@acme.com,United States,x.x.x.254
756,pwned@acme.com,United States,x.x.x.254
757,pwned@acme.com,United States,x.x.x.254
758,pwned@acme.com,United States,x.x.x.254
759,pwned@acme.com,United States,x.x.x.66
760,pwned@acme.com,United States,x.x.x.66
761,pwned@acme.com,United States,x.x.x.66
762,pwned@acme.com,United States,x.x.x.66
763,pwned@acme.com,United States,x.x.x.66
764,pwned@acme.com,United States,x.x.x.66
765,pwned@acme.com,United States,x.x.x.66
766,pwned@acme.com,United States,x.x.x.66
767,pwned@acme.com,United States,x.x.x.66
768,pwned@acme.com,United States,x.x.x.66
769,pwned@acme.com,United States,x.x.x.66
770,pwned@acme.com,United States,x.x.x.66
771,pwned@acme.com,United States,x.x.x.66
772,pwned@acme.com,United States,x.x.x.66
773,pwned@acme.com,United States,x.x.x.66
774,pwned@acme.com,United States,x.x.x.66
775,pwned@acme.com,United States,x.x.x.66
776,pwned@acme.com,United States,x.x.x.66
777,pwned@acme.com,United States,x.x.x.66
778,pwned@acme.com,United States,x.x.x.66
779,pwned@acme.com,United States,x.x.x.66
780,pwned@acme.com,United States,x.x.x.66
781,pwned@acme.com,United States,x.x.x.66
782,pwned@acme.com,United States,x.x.x.66
783,pwned@acme.com,United States,x.x.x.66
784,pwned@acme.com,United States,x.x.x.66
785,pwned@acme.com,United States,x.x.x.66
786,pwned@acme.com,United States,x.x.x.66
787,pwned@acme.com,United States,x.x.x.66
788,pwned@acme.com,United States,x.x.x.66
789,pwned@acme.com,United States,x.x.x.66
790,pwned@acme.com,United States,x.x.x.66
791,pwned@acme.com,United States,x.x.x.66
792,pwned@acme.com,United States,x.x.x.66
793,pwned@acme.com,United States,x.x.x.66
794,pwned@acme.com,United States,x.x.x.66
795,pwned@acme.com,United States,x.x.x.66
796,pwned@acme.com,United States,x.x.x.66
797,pwned@acme.com,United States,x.x.x.66
798,pwned@acme.com,United States,x.x.x.66
799,pwned@acme.com,United States,x.x.x.66
800,pwned@acme.com,United States,x.x.x.66
801,pwned@acme.com,United States,x.x.x.66
802,pwned@acme.com,United States,x.x.x.66
803,pwned@acme.com,United States,x.x.x.66
804,pwned@acme.com,United States,x.x.x.66
805,pwned@acme.com,France,x.x.x.12
806,pwned@acme.com,France,x.x.x.12
807,pwned@acme.com,France,x.x.x.12
808,pwned@acme.com,France,x.x.x.12
809,pwned@acme.com,France,x.x.x.12
810,pwned@acme.com,France,x.x.x.12
811,pwned@acme.com,France,x.x.x.12
812,pwned@acme.com,France,x.x.x.12
813,pwned@acme.com,France,x.x.x.12
814,pwned@acme.com,France,x.x.x.12
815,pwned@acme.com,France,x.x.x.12
816,pwned@acme.com,France,x.x.x.12
817,pwned@acme.com,France,x.x.x.12
818,pwned@acme.com,France,x.x.x.12
819,pwned@acme.com,France,x.x.x.12
820,pwned@acme.com,France,x.x.x.12
821,pwned@acme.com,France,x.x.x.12
822,pwned@acme.com,France,x.x.x.12
823,pwned@acme.com,France,x.x.x.12
824,pwned@acme.com,France,x.x.x.12
825,pwned@acme.com,France,x.x.x.12
826,pwned@acme.com,United States,x.x.x.229
827,pwned@acme.com,United States,x.x.x.229
828,pwned@acme.com,United States,x.x.x.229
829,pwned@acme.com,United States,x.x.x.229
830,pwned@acme.com,United States,x.x.x.229
831,pwned@acme.com,United States,x.x.x.229
832,pwned@acme.com,United States,x.x.x.229
833,pwned@acme.com,United States,x.x.x.229
834,pwned@acme.com,United States,x.x.x.229
835,pwned@acme.com,United States,x.x.x.229
836,pwned@acme.com,United States,x.x.x.229
837,pwned@acme.com,United States,x.x.x.229
838,pwned@acme.com,United States,x.x.x.229
839,pwned@acme.com,United States,x.x.x.229
840,pwned@acme.com,United States,x.x.x.229
841,pwned@acme.com,United States,x.x.x.229
842,pwned@acme.com,United States,x.x.x.229
843,pwned@acme.com,United States,x.x.x.229
844,pwned@acme.com,United States,x.x.x.229
845,pwned@acme.com,United States,x.x.x.229
846,pwned@acme.com,United States,x.x.x.229
847,pwned@acme.com,United States,x.x.x.229
848,pwned@acme.com,United States,x.x.x.229
849,pwned@acme.com,United States,x.x.x.229
850,pwned@acme.com,United States,x.x.x.229
851,pwned@acme.com,United States,x.x.x.229
852,pwned@acme.com,United States,x.x.x.229
853,pwned@acme.com,United States,x.x.x.229
854,pwned@acme.com,United States,x.x.x.229
855,pwned@acme.com,United States,x.x.x.229
856,pwned@acme.com,United States,x.x.x.229
857,pwned@acme.com,United States,x.x.x.229
858,pwned@acme.com,United States,x.x.x.229
859,pwned@acme.com,United States,x.x.x.229
860,pwned@acme.com,United States,x.x.x.229
861,pwned@acme.com,United States,x.x.x.229
862,pwned@acme.com,United States,x.x.x.229
863,pwned@acme.com,United States,x.x.x.229
864,pwned@acme.com,United States,x.x.x.229
865,pwned@acme.com,United States,x.x.x.229
866,pwned@acme.com,United States,x.x.x.229
867,pwned@acme.com,United States,x.x.x.229
868,pwned@acme.com,United States,x.x.x.229
869,pwned@acme.com,United States,x.x.x.229
870,pwned@acme.com,United States,x.x.x.229
871,pwned@acme.com,United States,x.x.x.229
872,pwned@acme.com,United States,x.x.x.229
873,pwned@acme.com,United States,x.x.x.229
874,pwned@acme.com,United States,x.x.x.229
875,pwned@acme.com,United States,x.x.x.229
876,pwned@acme.com,United States,x.x.x.229
877,pwned@acme.com,United States,x.x.x.229
878,pwned@acme.com,United States,x.x.x.229
879,pwned@acme.com,United States,x.x.x.229
880,pwned@acme.com,United States,x.x.x.229
881,pwned@acme.com,United States,x.x.x.229
882,pwned@acme.com,United States,x.x.x.229
883,pwned@acme.com,United States,x.x.x.229
884,pwned@acme.com,United States,x.x.x.229
885,pwned@acme.com,United States,x.x.x.229
886,pwned@acme.com,United States,x.x.x.229
887,pwned@acme.com,United States,x.x.x.229
888,pwned@acme.com,United States,x.x.x.229
889,pwned@acme.com,United States,x.x.x.229
890,pwned@acme.com,United States,x.x.x.229
891,pwned@acme.com,United States,x.x.x.229
892,pwned@acme.com,United States,x.x.x.229
893,pwned@acme.com,United States,x.x.x.229
894,pwned@acme.com,United States,x.x.x.229
895,pwned@acme.com,United States,x.x.x.229
896,pwned@acme.com,United States,x.x.x.229
897,pwned@acme.com,United States,x.x.x.229
898,pwned@acme.com,United States,x.x.x.229
899,pwned@acme.com,United States,x.x.x.229
900,pwned@acme.com,United States,x.x.x.229
901,pwned@acme.com,United States,x.x.x.229
902,pwned@acme.com,United States,x.x.x.229
903,pwned@acme.com,United States,x.x.x.229
904,pwned@acme.com,United States,x.x.x.229
905,pwned@acme.com,United States,x.x.x.229
906,pwned@acme.com,United States,x.x.x.229
907,pwned@acme.com,United States,x.x.x.229
908,pwned@acme.com,United States,x.x.x.229
909,pwned@acme.com,United States,x.x.x.229
910,pwned@acme.com,United States,x.x.x.229
911,pwned@acme.com,United States,x.x.x.229
912,pwned@acme.com,United States,x.x.x.229
913,pwned@acme.com,United States,x.x.x.229
914,pwned@acme.com,United States,x.x.x.229
915,pwned@acme.com,United States,x.x.x.229
916,pwned@acme.com,United States,x.x.x.229
917,pwned@acme.com,United States,x.x.x.229
918,pwned@acme.com,United States,x.x.x.229
919,pwned@acme.com,United States,x.x.x.229
920,pwned@acme.com,United States,x.x.x.229
921,pwned@acme.com,United States,x.x.x.229
922,pwned@acme.com,United States,x.x.x.229
923,pwned@acme.com,United States,x.x.x.229
924,pwned@acme.com,United States,x.x.x.229
925,pwned@acme.com,United States,x.x.x.229
926,pwned@acme.com,United States,x.x.x.229
927,pwned@acme.com,United States,x.x.x.229
928,pwned@acme.com,United States,x.x.x.229
929,pwned@acme.com,United States,x.x.x.229
930,pwned@acme.com,United States,x.x.x.229
931,pwned@acme.com,United States,x.x.x.229
932,pwned@acme.com,United States,x.x.x.229
933,pwned@acme.com,United States,x.x.x.229
934,pwned@acme.com,United States,x.x.x.229
935,pwned@acme.com,United States,x.x.x.229
936,pwned@acme.com,United States,x.x.x.229
937,pwned@acme.com,United States,x.x.x.229
938,pwned@acme.com,United States,x.x.x.229
939,pwned@acme.com,United States,x.x.x.229
940,pwned@acme.com,United States,x.x.x.229
941,pwned@acme.com,United States,x.x.x.229
942,pwned@acme.com,United States,x.x.x.229
943,pwned@acme.com,United States,x.x.x.229
944,pwned@acme.com,United States,x.x.x.229
945,pwned@acme.com,United States,x.x.x.229
946,pwned@acme.com,United States,x.x.x.229
947,pwned@acme.com,United States,x.x.x.229
948,pwned@acme.com,United States,x.x.x.229
949,pwned@acme.com,United States,x.x.x.229
950,pwned@acme.com,United States,x.x.x.229
951,pwned@acme.com,United States,x.x.x.229
952,pwned@acme.com,United States,x.x.x.229
953,pwned@acme.com,United States,x.x.x.229
954,pwned@acme.com,United States,x.x.x.229
955,pwned@acme.com,United States,x.x.x.229
956,pwned@acme.com,United States,x.x.x.229
957,pwned@acme.com,United States,x.x.x.229
958,pwned@acme.com,United States,x.x.x.229
959,pwned@acme.com,United States,x.x.x.229
960,pwned@acme.com,United States,x.x.x.229
961,pwned@acme.com,United States,x.x.x.229
962,pwned@acme.com,United States,x.x.x.229
963,pwned@acme.com,United States,x.x.x.229
964,pwned@acme.com,United States,x.x.x.229
965,pwned@acme.com,United States,x.x.x.229
966,pwned@acme.com,United States,x.x.x.229
967,pwned@acme.com,United States,x.x.x.229
968,pwned@acme.com,United States,x.x.x.229
969,pwned@acme.com,United States,x.x.x.229
970,pwned@acme.com,United States,x.x.x.229
971,pwned@acme.com,United States,x.x.x.229
972,pwned@acme.com,United States,x.x.x.229
973,pwned@acme.com,United States,x.x.x.229
974,pwned@acme.com,United States,x.x.x.229
975,pwned@acme.com,United States,x.x.x.229
976,pwned@acme.com,United States,x.x.x.229
977,pwned@acme.com,United States,x.x.x.229
978,pwned@acme.com,United States,x.x.x.229
979,pwned@acme.com,United States,x.x.x.229
980,pwned@acme.com,United States,x.x.x.229
981,pwned@acme.com,United States,x.x.x.229
982,pwned@acme.com,United States,x.x.x.229
983,pwned@acme.com,United States,x.x.x.229
984,pwned@acme.com,United States,x.x.x.229
985,pwned@acme.com,United States,x.x.x.229
986,kluu,United States,x.x.x.229
987,pwned@acme.com,United States,x.x.x.134
988,pwned@acme.com,United States,x.x.x.158
989,pwned@acme.com,United States,x.x.x.158
990,pwned@acme.com,United States,x.x.x.158
991,pwned@acme.com,United States,x.x.x.158
992,pwned@acme.com,United States,x.x.x.158
993,pwned@acme.com,United States,x.x.x.158
994,pwned@acme.com,United States,x.x.x.158
995,pwned@acme.com,United States,x.x.x.158
996,pwned@acme.com,United States,x.x.x.158
997,pwned@acme.com,United States,x.x.x.228
998,pwned@acme.com,United States,x.x.x.228
999,pwned@acme.com,United States,x.x.x.228
1000,pwned@acme.com,United States,x.x.x.228
1001,pwned@acme.com,United States,x.x.x.228
1002,pwned@acme.com,United States,x.x.x.228
1003,pwned@acme.com,United States,x.x.x.228
1004,pwned@acme.com,United States,x.x.x.228
1005,pwned@acme.com,United States,x.x.x.228
1006,pwned@acme.com,United States,x.x.x.228
1007,pwned@acme.com,United States,x.x.x.228
1008,pwned@acme.com,United States,x.x.x.228
1009,pwned@acme.com,United States,x.x.x.228
1010,pwned@acme.com,United States,x.x.x.228
1011,pwned@acme.com,United States,x.x.x.228
1012,pwned@acme.com,United States,x.x.x.228
1013,pwned@acme.com,United States,x.x.x.228
1014,pwned@acme.com,United States,x.x.x.228
1015,pwned@acme.com,United States,x.x.x.228
1016,pwned@acme.com,United States,x.x.x.228
1017,pwned@acme.com,United States,x.x.x.228
1018,pwned@acme.com,United States,x.x.x.228
1019,pwned@acme.com,United States,x.x.x.228
1020,pwned@acme.com,United States,x.x.x.228
1021,pwned@acme.com,United States,x.x.x.228
1022,pwned@acme.com,United States,x.x.x.228
1023,pwned@acme.com,United States,x.x.x.228
1024,pwned@acme.com,United States,x.x.x.228
1025,pwned@acme.com,United States,x.x.x.228
1026,pwned@acme.com,United States,x.x.x.228
1027,pwned@acme.com,United States,x.x.x.228
1028,pwned@acme.com,United States,x.x.x.228
1029,pwned@acme.com,United States,x.x.x.228
1030,pwned@acme.com,United States,x.x.x.228
1031,pwned@acme.com,United States,x.x.x.228
1032,pwned@acme.com,United States,x.x.x.228
1033,pwned@acme.com,United States,x.x.x.228
1034,pwned@acme.com,United States,x.x.x.228
1035,pwned@acme.com,United States,x.x.x.228
1036,pwned@acme.com,United States,x.x.x.228
1037,pwned@acme.com,United States,x.x.x.228
1038,pwned@acme.com,United States,x.x.x.228
1039,pwned@acme.com,United States,x.x.x.228
1040,pwned@acme.com,United States,x.x.x.228
1041,pwned@acme.com,United States,x.x.x.228
1042,pwned@acme.com,United States,x.x.x.228
1043,pwned@acme.com,United States,x.x.x.228
1044,pwned@acme.com,United States,x.x.x.228
1045,pwned@acme.com,United States,x.x.x.228
1046,pwned@acme.com,United States,x.x.x.228
1047,pwned@acme.com,United States,x.x.x.228
1048,pwned@acme.com,United States,x.x.x.228
1049,pwned@acme.com,United States,x.x.x.228
1050,pwned@acme.com,United States,x.x.x.228
1051,pwned@acme.com,United States,x.x.x.228
1052,pwned@acme.com,United States,x.x.x.228
1053,pwned@acme.com,United States,x.x.x.228
1054,pwned@acme.com,United States,x.x.x.228
1055,pwned@acme.com,United States,x.x.x.228
1056,pwned@acme.com,United States,x.x.x.228
1057,pwned@acme.com,United States,x.x.x.228
1058,pwned@acme.com,United States,x.x.x.228
1059,pwned@acme.com,United States,x.x.x.228
1060,pwned@acme.com,United States,x.x.x.228
1061,pwned@acme.com,United States,x.x.x.228
1062,pwned@acme.com,United States,x.x.x.228
1063,pwned@acme.com,United States,x.x.x.228
1064,pwned@acme.com,United States,x.x.x.228
1065,pwned@acme.com,United States,x.x.x.228
1066,pwned@acme.com,United States,x.x.x.228
1067,pwned@acme.com,United States,x.x.x.228
1068,pwned@acme.com,United States,x.x.x.228
1069,pwned@acme.com,United States,x.x.x.228
1070,pwned@acme.com,United States,x.x.x.228
1071,pwned@acme.com,United States,x.x.x.228
1072,pwned@acme.com,United States,x.x.x.228
1073,pwned@acme.com,United States,x.x.x.228
1074,pwned@acme.com,United States,x.x.x.228
1075,pwned@acme.com,United States,x.x.x.228
1076,pwned@acme.com,United States,x.x.x.228
1077,pwned@acme.com,United States,x.x.x.228
1078,pwned@acme.com,United States,x.x.x.228
1079,pwned@acme.com,United States,x.x.x.228
1080,pwned@acme.com,United States,x.x.x.228
1081,pwned@acme.com,United States,x.x.x.228
1082,pwned@acme.com,United States,x.x.x.228
1083,pwned@acme.com,United States,x.x.x.228
1084,pwned@acme.com,United States,x.x.x.228
1085,pwned@acme.com,United States,x.x.x.228
1086,pwned@acme.com,United States,x.x.x.228
1087,pwned@acme.com,United States,x.x.x.228
1088,pwned@acme.com,United States,x.x.x.228
1089,pwned@acme.com,United States,x.x.x.228
1090,pwned@acme.com,United States,x.x.x.228
1091,pwned@acme.com,United States,x.x.x.228
1092,pwned@acme.com,United States,x.x.x.228
1093,pwned@acme.com,United States,x.x.x.228
1094,pwned@acme.com,United States,x.x.x.228
1095,pwned@acme.com,United States,x.x.x.228
1096,pwned@acme.com,United States,x.x.x.228
1097,pwned@acme.com,United States,x.x.x.228
1098,pwned@acme.com,United States,x.x.x.228
1099,pwned@acme.com,United States,x.x.x.228
1100,pwned@acme.com,United States,x.x.x.228
1101,pwned@acme.com,United States,x.x.x.228
1102,pwned@acme.com,United States,x.x.x.228
1103,pwned@acme.com,United States,x.x.x.228
1104,pwned@acme.com,United States,x.x.x.228
1105,pwned@acme.com,United States,x.x.x.228
1106,pwned@acme.com,United States,x.x.x.228
1107,pwned@acme.com,United States,x.x.x.228
1108,pwned@acme.com,United States,x.x.x.228
1109,pwned@acme.com,United States,x.x.x.228
1110,pwned@acme.com,United States,x.x.x.228
1111,pwned@acme.com,United States,x.x.x.228
1112,pwned@acme.com,United States,x.x.x.228
1113,pwned@acme.com,United States,x.x.x.228
1114,pwned@acme.com,United States,x.x.x.228
1115,pwned@acme.com,United States,x.x.x.228
1116,pwned@acme.com,United States,x.x.x.237
1117,pwned@acme.com,United States,x.x.x.237
1118,pwned@acme.com,United States,x.x.x.237
1119,pwned@acme.com,United States,x.x.x.237
1120,pwned@acme.com,United States,x.x.x.237
1121,pwned@acme.com,United States,x.x.x.237
1122,pwned@acme.com,United States,x.x.x.237
1123,pwned@acme.com,United States,x.x.x.237
1124,pwned@acme.com,United States,x.x.x.237
1125,pwned@acme.com,United States,x.x.x.237
1126,pwned@acme.com,United States,x.x.x.237
1127,pwned@acme.com,United States,x.x.x.237
1128,pwned@acme.com,United States,x.x.x.237
1129,pwned@acme.com,United States,x.x.x.237
1130,pwned@acme.com,United States,x.x.x.237
1131,pwned@acme.com,United States,x.x.x.237
1132,pwned@acme.com,United States,x.x.x.237
1133,pwned@acme.com,United States,x.x.x.237
1134,pwned@acme.com,United States,x.x.x.237
1135,pwned@acme.com,United States,x.x.x.237
1136,pwned@acme.com,United States,x.x.x.237
1137,pwned@acme.com,United States,x.x.x.237
1138,pwned@acme.com,United States,x.x.x.237
1139,pwned@acme.com,United States,x.x.x.237
1140,pwned@acme.com,United States,x.x.x.237
1141,pwned@acme.com,United States,x.x.x.237
1142,pwned@acme.com,United States,x.x.x.237
1143,pwned@acme.com,United States,x.x.x.237
1144,pwned@acme.com,United States,x.x.x.237
1145,pwned@acme.com,United States,x.x.x.237
1146,pwned@acme.com,United States,x.x.x.237
1147,pwned@acme.com,United States,x.x.x.237
1148,pwned@acme.com,United States,x.x.x.237
1149,pwned@acme.com,United States,x.x.x.237
1150,pwned@acme.com,United States,x.x.x.237
1151,pwned@acme.com,United States,x.x.x.237
1152,pwned@acme.com,United States,x.x.x.237
1153,pwned@acme.com,United States,x.x.x.237
1154,pwned@acme.com,United States,x.x.x.237
1155,pwned@acme.com,United States,x.x.x.237
1156,pwned@acme.com,United States,x.x.x.237
1157,pwned@acme.com,United States,x.x.x.237
1158,pwned@acme.com,United States,x.x.x.237
1159,pwned@acme.com,United States,x.x.x.237
1160,pwned@acme.com,United States,x.x.x.237
1161,pwned@acme.com,United States,x.x.x.237
1162,pwned@acme.com,United States,x.x.x.237
1163,pwned@acme.com,United States,x.x.x.237
1164,pwned@acme.com,United States,x.x.x.237
1165,pwned@acme.com,United States,x.x.x.237
1166,pwned@acme.com,United States,x.x.x.237
1167,pwned@acme.com,United States,x.x.x.237
1168,pwned@acme.com,United States,x.x.x.237
1169,pwned@acme.com,United States,x.x.x.237
1170,pwned@acme.com,United States,x.x.x.237
1171,pwned@acme.com,United States,x.x.x.237
1172,pwned@acme.com,United States,x.x.x.237
1173,pwned@acme.com,United States,x.x.x.237
1174,pwned@acme.com,United States,x.x.x.237
1175,pwned@acme.com,United States,x.x.x.237
1176,pwned@acme.com,United States,x.x.x.237
1177,pwned@acme.com,United States,x.x.x.237
1178,pwned@acme.com,United States,x.x.x.237
1179,pwned@acme.com,United States,x.x.x.237
1180,pwned@acme.com,United States,x.x.x.237
1181,pwned@acme.com,United States,x.x.x.237
1182,pwned@acme.com,United States,x.x.x.237
1183,pwned@acme.com,United States,x.x.x.237
1184,pwned@acme.com,United States,x.x.x.237
1185,pwned@acme.com,United States,x.x.x.237
1186,pwned@acme.com,United States,x.x.x.237
1187,pwned@acme.com,United States,x.x.x.237
1188,pwned@acme.com,United States,x.x.x.237
1189,pwned@acme.com,United States,x.x.x.237
1190,pwned@acme.com,United States,x.x.x.237
1191,pwned@acme.com,United States,x.x.x.237
1192,pwned@acme.com,United States,x.x.x.237
1193,pwned@acme.com,United States,x.x.x.237
1194,pwned@acme.com,United States,x.x.x.237
1195,pwned@acme.com,United States,x.x.x.237
1196,pwned@acme.com,United States,x.x.x.237
1197,pwned@acme.com,United States,x.x.x.237
1198,pwned@acme.com,United States,x.x.x.237
1199,pwned@acme.com,United States,x.x.x.237
1200,pwned@acme.com,United States,x.x.x.237
1201,pwned@acme.com,United States,x.x.x.237
1202,pwned@acme.com,United States,x.x.x.237
1203,pwned@acme.com,United States,x.x.x.237
1204,pwned@acme.com,United States,x.x.x.237
1205,pwned@acme.com,United States,x.x.x.237
1206,pwned@acme.com,United States,x.x.x.237
1207,pwned@acme.com,United States,x.x.x.237
1208,pwned@acme.com,United States,x.x.x.237
1209,pwned@acme.com,United States,x.x.x.237
1210,pwned@acme.com,United States,x.x.x.237
1211,pwned@acme.com,United States,x.x.x.237
1212,pwned@acme.com,United States,x.x.x.237
1213,pwned@acme.com,United States,x.x.x.237
1214,pwned@acme.com,United States,x.x.x.237
1215,pwned@acme.com,United States,x.x.x.237
1216,pwned@acme.com,United States,x.x.x.237
1217,pwned@acme.com,United States,x.x.x.237
1218,pwned@acme.com,United States,x.x.x.237
1219,pwned@acme.com,United States,x.x.x.237
1220,pwned@acme.com,United States,x.x.x.237
1221,pwned@acme.com,United States,x.x.x.237
1222,pwned@acme.com,United States,x.x.x.237
1223,pwned@acme.com,United States,x.x.x.237
1224,pwned@acme.com,United States,x.x.x.237
1225,pwned@acme.com,United States,x.x.x.237
1226,pwned@acme.com,United States,x.x.x.237
1227,pwned@acme.com,United States,x.x.x.237
1228,pwned@acme.com,United States,x.x.x.237
1229,pwned@acme.com,United States,x.x.x.237
1230,pwned@acme.com,United States,x.x.x.237
1231,pwned@acme.com,United States,x.x.x.237
1232,pwned@acme.com,United States,x.x.x.237
1233,pwned@acme.com,United States,x.x.x.237
1234,pwned@acme.com,United States,x.x.x.237
1235,pwned@acme.com,United States,x.x.x.237
1236,pwned@acme.com,United States,x.x.x.237
1237,pwned@acme.com,United States,x.x.x.237
1238,pwned@acme.com,United States,x.x.x.237
1239,pwned@acme.com,United States,x.x.x.237
1240,pwned@acme.com,United States,x.x.x.237
1241,pwned@acme.com,United States,x.x.x.237
1242,pwned@acme.com,United States,x.x.x.237
1243,pwned@acme.com,United States,x.x.x.237
1244,pwned@acme.com,United States,x.x.x.237
1245,pwned@acme.com,United States,x.x.x.237
1246,pwned@acme.com,United States,x.x.x.237
1247,pwned@acme.com,United States,x.x.x.237
1248,pwned@acme.com,United States,x.x.x.237
1249,pwned@acme.com,United States,x.x.x.237
1250,pwned@acme.com,United States,x.x.x.237
1251,pwned@acme.com,United States,x.x.x.237
1252,pwned@acme.com,United States,x.x.x.237
1253,pwned@acme.com,United States,x.x.x.237
1254,pwned@acme.com,United States,x.x.x.237
1255,pwned@acme.com,United States,x.x.x.237
1256,pwned@acme.com,United States,x.x.x.237
1257,pwned@acme.com,United States,x.x.x.237
1258,pwned@acme.com,United States,x.x.x.237
1259,pwned@acme.com,United States,x.x.x.237
1260,pwned@acme.com,United States,x.x.x.237
1261,pwned@acme.com,United States,x.x.x.237
1262,pwned@acme.com,United States,x.x.x.237
1263,pwned@acme.com,United States,x.x.x.237
1264,pwned@acme.com,United States,x.x.x.237
1265,pwned@acme.com,United States,x.x.x.237
1266,pwned@acme.com,United States,x.x.x.237
1267,pwned@acme.com,United States,x.x.x.237
1268,pwned@acme.com,United States,x.x.x.237
1269,pwned@acme.com,United States,x.x.x.237
1270,pwned@acme.com,United States,x.x.x.237
1271,pwned@acme.com,United States,x.x.x.237
1272,pwned@acme.com,United States,x.x.x.237
1273,pwned@acme.com,United States,x.x.x.237
1274,pwned@acme.com,United States,x.x.x.237
1275,pwned@acme.com,United States,x.x.x.237
1276,pwned@acme.com,United States,x.x.x.237
1277,pwned@acme.com,United States,x.x.x.237
1278,pwned@acme.com,United States,x.x.x.237
1279,pwned@acme.com,United States,x.x.x.237
1280,pwned@acme.com,United States,x.x.x.237
1281,pwned@acme.com,United States,x.x.x.237
1282,pwned@acme.com,United States,x.x.x.237
1283,pwned@acme.com,United States,x.x.x.237
1284,pwned@acme.com,United States,x.x.x.237
1285,pwned@acme.com,United States,x.x.x.237
1286,pwned@acme.com,United States,x.x.x.237
1287,pwned@acme.com,United States,x.x.x.237
1288,pwned@acme.com,United States,x.x.x.237
1289,pwned@acme.com,United States,x.x.x.237
1290,pwned@acme.com,United States,x.x.x.237
1291,pwned@acme.com,United States,x.x.x.237
1292,pwned@acme.com,United States,x.x.x.237
1293,pwned@acme.com,United States,x.x.x.237
1294,pwned@acme.com,United States,x.x.x.237
1295,pwned@acme.com,United States,x.x.x.237
1296,pwned@acme.com,United States,x.x.x.237
1297,pwned@acme.com,United States,x.x.x.237
1298,pwned@acme.com,United States,x.x.x.237
1299,pwned@acme.com,United States,x.x.x.237
1300,pwned@acme.com,United States,x.x.x.237
1301,pwned@acme.com,United States,x.x.x.237
1302,pwned@acme.com,United States,x.x.x.237
1303,pwned@acme.com,United States,x.x.x.237
1304,pwned@acme.com,United States,x.x.x.237
1305,pwned@acme.com,United States,x.x.x.237
1306,pwned@acme.com,United States,x.x.x.237
1307,pwned@acme.com,United States,x.x.x.237
1308,pwned@acme.com,United States,x.x.x.237
1309,pwned@acme.com,United States,x.x.x.237
1310,pwned@acme.com,United States,x.x.x.237
1311,pwned@acme.com,United States,x.x.x.237
1312,pwned@acme.com,United States,x.x.x.237
1313,pwned@acme.com,United States,x.x.x.237
1314,pwned@acme.com,United States,x.x.x.237
1315,pwned@acme.com,United States,x.x.x.237
1316,pwned@acme.com,United States,x.x.x.237
1317,pwned@acme.com,United States,x.x.x.237
1318,pwned@acme.com,United States,x.x.x.237
1319,pwned@acme.com,United States,x.x.x.237
1320,pwned@acme.com,United States,x.x.x.237
1321,pwned@acme.com,United States,x.x.x.237
1322,pwned@acme.com,United States,x.x.x.237
1323,pwned@acme.com,United States,x.x.x.237
1324,pwned@acme.com,United States,x.x.x.237
1325,pwned@acme.com,United States,x.x.x.237
1326,pwned@acme.com,United States,x.x.x.237
1327,pwned@acme.com,United States,x.x.x.237
1328,pwned@acme.com,United States,x.x.x.237
1329,pwned@acme.com,United States,x.x.x.237
1330,pwned@acme.com,United States,x.x.x.237
1331,pwned@acme.com,United States,x.x.x.237
1332,pwned@acme.com,United States,x.x.x.237
1333,pwned@acme.com,United States,x.x.x.237
1334,pwned@acme.com,United States,x.x.x.237
1335,pwned@acme.com,United States,x.x.x.237
1336,pwned@acme.com,United States,x.x.x.237
1337,pwned@acme.com,United States,x.x.x.237
1338,pwned@acme.com,United States,x.x.x.237
1339,pwned@acme.com,United States,x.x.x.237
1340,pwned@acme.com,United States,x.x.x.237
1341,pwned@acme.com,United States,x.x.x.237
1342,pwned@acme.com,United States,x.x.x.237
1343,pwned@acme.com,United States,x.x.x.237
1344,pwned@acme.com,United States,x.x.x.237
1345,pwned@acme.com,United States,x.x.x.237
1346,pwned@acme.com,United States,x.x.x.237
1347,pwned@acme.com,United States,x.x.x.237
1348,pwned@acme.com,United States,x.x.x.237
1349,pwned@acme.com,United States,x.x.x.237
1350,pwned@acme.com,United States,x.x.x.237
1351,pwned@acme.com,United States,x.x.x.237
1352,pwned@acme.com,United States,x.x.x.237
1353,pwned@acme.com,United States,x.x.x.237
1354,pwned@acme.com,United States,x.x.x.237
1355,pwned@acme.com,United States,x.x.x.237
1356,pwned@acme.com,United States,x.x.x.237
1357,pwned@acme.com,United States,x.x.x.237
1358,pwned@acme.com,United States,x.x.x.237
1359,pwned@acme.com,United States,x.x.x.237
1360,pwned@acme.com,United States,x.x.x.237
1361,pwned@acme.com,United States,x.x.x.237
1362,pwned@acme.com,United States,x.x.x.237
1363,pwned@acme.com,United States,x.x.x.237
1364,pwned@acme.com,United States,x.x.x.237
1365,pwned@acme.com,United States,x.x.x.237
1366,pwned@acme.com,United States,x.x.x.237
1367,pwned@acme.com,United States,x.x.x.237
1368,pwned@acme.com,United States,x.x.x.237
1369,pwned@acme.com,United States,x.x.x.237
1370,pwned@acme.com,United States,x.x.x.237
1371,pwned@acme.com,United States,x.x.x.237
1372,pwned@acme.com,United States,x.x.x.237
1373,pwned@acme.com,United States,x.x.x.237
1374,pwned@acme.com,United States,x.x.x.237
1375,pwned@acme.com,United States,x.x.x.237
1376,pwned@acme.com,United States,x.x.x.237
1377,pwned@acme.com,United States,x.x.x.237
1378,pwned@acme.com,United States,x.x.x.237
1379,pwned@acme.com,United States,x.x.x.237
1380,pwned@acme.com,United States,x.x.x.237
1381,pwned@acme.com,United States,x.x.x.237
1382,pwned@acme.com,United States,x.x.x.237
1383,pwned@acme.com,United States,x.x.x.237
1384,pwned@acme.com,United States,x.x.x.237
1385,pwned@acme.com,United States,x.x.x.237
1386,pwned@acme.com,United States,x.x.x.237
1387,pwned@acme.com,United States,x.x.x.237
1388,pwned@acme.com,United States,x.x.x.237
1389,pwned@acme.com,United States,x.x.x.237
1390,pwned@acme.com,United States,x.x.x.237
1391,pwned@acme.com,United States,x.x.x.237
1392,pwned@acme.com,United States,x.x.x.237
1393,pwned@acme.com,United States,x.x.x.237
1394,pwned@acme.com,United States,x.x.x.237
1395,pwned@acme.com,United States,x.x.x.237
1396,pwned@acme.com,United States,x.x.x.237
1397,pwned@acme.com,United States,x.x.x.237
1398,pwned@acme.com,United States,x.x.x.237
1399,pwned@acme.com,United States,x.x.x.237
1400,pwned@acme.com,United States,x.x.x.237
1401,pwned@acme.com,United States,x.x.x.237
1402,pwned@acme.com,United States,x.x.x.237
1403,pwned@acme.com,United States,x.x.x.237
1404,pwned@acme.com,United States,x.x.x.237
1405,pwned@acme.com,United States,x.x.x.237
1406,pwned@acme.com,United States,x.x.x.237
1407,pwned@acme.com,United States,x.x.x.237
1408,pwned@acme.com,United States,x.x.x.237
1409,pwned@acme.com,United States,x.x.x.237
1410,pwned@acme.com,United States,x.x.x.237
1411,pwned@acme.com,United States,x.x.x.237
1412,pwned@acme.com,United States,x.x.x.237
1413,pwned@acme.com,United States,x.x.x.237
1414,pwned@acme.com,United States,x.x.x.237
1415,pwned@acme.com,United States,x.x.x.237
1416,pwned@acme.com,United States,x.x.x.237
1417,pwned@acme.com,United States,x.x.x.237
1418,pwned@acme.com,United States,x.x.x.237
1419,pwned@acme.com,United States,x.x.x.237
1420,pwned@acme.com,United States,x.x.x.237
1421,pwned@acme.com,United States,x.x.x.237
1422,pwned@acme.com,United States,x.x.x.237
1423,pwned@acme.com,United States,x.x.x.237
1424,pwned@acme.com,United States,x.x.x.237
1425,pwned@acme.com,United States,x.x.x.237
1426,pwned@acme.com,United States,x.x.x.237
1427,pwned@acme.com,United States,x.x.x.237
1428,pwned@acme.com,United States,x.x.x.237
1429,pwned@acme.com,United States,x.x.x.237
1430,pwned@acme.com,United States,x.x.x.237
1431,pwned@acme.com,United States,x.x.x.237
1432,pwned@acme.com,United States,x.x.x.237
1433,pwned@acme.com,United States,x.x.x.237
1434,pwned@acme.com,United States,x.x.x.237
1435,pwned@acme.com,United States,x.x.x.237
1436,pwned@acme.com,United States,x.x.x.237
1437,pwned@acme.com,United States,x.x.x.237
1438,pwned@acme.com,United States,x.x.x.237
1439,pwned@acme.com,United States,x.x.x.237
1440,pwned@acme.com,United States,x.x.x.237
1441,pwned@acme.com,United States,x.x.x.237
1442,pwned@acme.com,United States,x.x.x.237
1443,pwned@acme.com,United States,x.x.x.237
1444,pwned@acme.com,United States,x.x.x.237
1445,pwned@acme.com,United States,x.x.x.237
1446,pwned@acme.com,United States,x.x.x.237
1447,pwned@acme.com,United States,x.x.x.237
1448,pwned@acme.com,United States,x.x.x.237
1449,pwned@acme.com,United States,x.x.x.237
1450,pwned@acme.com,United States,x.x.x.237
1451,pwned@acme.com,United States,x.x.x.237
1452,pwned@acme.com,United States,x.x.x.237
1453,pwned@acme.com,United States,x.x.x.237
1454,pwned@acme.com,United States,x.x.x.237
1455,pwned@acme.com,United States,x.x.x.237
1456,pwned@acme.com,United States,x.x.x.237
1457,pwned@acme.com,United States,x.x.x.237
1458,pwned@acme.com,United States,x.x.x.237
1459,pwned@acme.com,United States,x.x.x.237
1460,pwned@acme.com,United States,x.x.x.237
1461,kluu,United States,x.x.x.237
1462,pwned@acme.com,United States,x.x.x.237
1463,pwned@acme.com,United States,x.x.x.237
1464,pwned@acme.com,United States,x.x.x.237
1465,pwned@acme.com,United States,x.x.x.237
1466,pwned@acme.com,United States,x.x.x.237
1467,pwned@acme.com,United States,x.x.x.237
1468,pwned@acme.com,United States,x.x.x.237
1469,pwned@acme.com,United States,x.x.x.237
1470,pwned@acme.com,United States,x.x.x.237
1471,pwned@acme.com,United States,x.x.x.237
1472,pwned@acme.com,United States,x.x.x.237
1473,pwned@acme.com,United States,x.x.x.237
1474,pwned@acme.com,United States,x.x.x.237
1475,pwned@acme.com,United States,x.x.x.237
1476,pwned@acme.com,United States,x.x.x.237
1477,pwned@acme.com,United States,x.x.x.237
1478,pwned@acme.com,United States,x.x.x.237
1479,pwned@acme.com,United States,x.x.x.237
1480,pwned@acme.com,United States,x.x.x.237
1481,pwned@acme.com,United States,x.x.x.237
1482,pwned@acme.com,United States,x.x.x.237
1483,pwned@acme.com,United States,x.x.x.237
1484,pwned@acme.com,United States,x.x.x.237
1485,pwned@acme.com,United States,x.x.x.237
1486,pwned@acme.com,United States,x.x.x.237
1487,pwned@acme.com,United States,x.x.x.237
1488,pwned@acme.com,United States,x.x.x.237
1489,pwned@acme.com,United States,x.x.x.237
1490,pwned@acme.com,United States,x.x.x.237
1491,pwned@acme.com,United States,x.x.x.237
1492,pwned@acme.com,United States,x.x.x.237
1493,pwned@acme.com,United States,x.x.x.237
1494,pwned@acme.com,United States,x.x.x.237
1495,pwned@acme.com,United States,x.x.x.237
1496,pwned@acme.com,United States,x.x.x.237
1497,pwned@acme.com,United States,x.x.x.237
1498,pwned@acme.com,United States,x.x.x.237
1499,pwned@acme.com,United States,x.x.x.237
1500,pwned@acme.com,United States,x.x.x.237
1501,pwned@acme.com,United States,x.x.x.237
1502,pwned@acme.com,United States,x.x.x.237
1503,pwned@acme.com,United States,x.x.x.237
1504,pwned@acme.com,United States,x.x.x.237
1505,pwned@acme.com,United States,x.x.x.237
1506,pwned@acme.com,United States,x.x.x.237
1507,pwned@acme.com,United States,x.x.x.237
1508,pwned@acme.com,United States,x.x.x.237
1509,pwned@acme.com,United States,x.x.x.237
1510,pwned@acme.com,United States,x.x.x.237
1511,pwned@acme.com,United States,x.x.x.237
1512,pwned@acme.com,United States,x.x.x.237
1513,pwned@acme.com,United States,x.x.x.237
1514,pwned@acme.com,United States,x.x.x.237
1515,pwned@acme.com,United States,x.x.x.237
1516,pwned@acme.com,United States,x.x.x.237
1517,pwned@acme.com,United States,x.x.x.237
1518,pwned@acme.com,United States,x.x.x.237
1519,pwned@acme.com,United States,x.x.x.237
1520,pwned@acme.com,United States,x.x.x.237
1521,pwned@acme.com,United States,x.x.x.237
1522,pwned@acme.com,United States,x.x.x.237
1523,pwned@acme.com,United States,x.x.x.237
1524,pwned@acme.com,United States,x.x.x.237
1525,pwned@acme.com,United States,x.x.x.237
1526,pwned@acme.com,United States,x.x.x.237
1527,pwned@acme.com,United States,x.x.x.237
1528,pwned@acme.com,United States,x.x.x.237
1529,pwned@acme.com,United States,x.x.x.237
1530,pwned@acme.com,United States,x.x.x.237
1531,pwned@acme.com,United States,x.x.x.237
1532,pwned@acme.com,United States,x.x.x.237
1533,pwned@acme.com,United States,x.x.x.237
1534,pwned@acme.com,United States,x.x.x.237
1535,pwned@acme.com,United States,x.x.x.237
1536,pwned@acme.com,United States,x.x.x.237
1537,pwned@acme.com,United States,x.x.x.237
1538,pwned@acme.com,United States,x.x.x.237
1539,pwned@acme.com,United States,x.x.x.237
1540,pwned@acme.com,United States,x.x.x.237
1541,pwned@acme.com,United States,x.x.x.237
1542,pwned@acme.com,United States,x.x.x.237
1543,pwned@acme.com,United States,x.x.x.237
1544,pwned@acme.com,United States,x.x.x.237
1545,pwned@acme.com,United States,x.x.x.237
1546,pwned@acme.com,United States,x.x.x.237
1547,pwned@acme.com,United States,x.x.x.237
1548,pwned@acme.com,United States,x.x.x.237
1549,pwned@acme.com,United States,x.x.x.215
1550,pwned@acme.com,United States,x.x.x.215
1551,pwned@acme.com,United States,x.x.x.215
1552,pwned@acme.com,United States,x.x.x.215
1553,pwned@acme.com,United States,x.x.x.215
1554,pwned@acme.com,United States,x.x.x.215
1555,pwned@acme.com,United States,x.x.x.215
1556,pwned@acme.com,United States,x.x.x.215
1557,pwned@acme.com,United States,x.x.x.215
1558,pwned@acme.com,United States,x.x.x.215
1559,pwned@acme.com,United States,x.x.x.215
1560,pwned@acme.com,United States,x.x.x.215
1561,pwned@acme.com,United States,x.x.x.131
1562,pwned@acme.com,United States,x.x.x.131
1563,pwned@acme.com,United States,x.x.x.131
1564,pwned@acme.com,United States,x.x.x.131
1565,pwned@acme.com,United States,x.x.x.131
1566,pwned@acme.com,United States,x.x.x.131
1567,pwned@acme.com,United States,x.x.x.116
1568,pwned@acme.com,United States,x.x.x.116
1569,pwned@acme.com,United States,x.x.x.116
1570,pwned@acme.com,United States,x.x.x.116
1571,pwned@acme.com,United States,x.x.x.116
1572,pwned@acme.com,United States,x.x.x.116
1573,pwned@acme.com,United States,x.x.x.116
1574,pwned@acme.com,United States,x.x.x.222
1575,pwned@acme.com,United States,x.x.x.222
1576,pwned@acme.com,United States,x.x.x.222
1577,pwned@acme.com,United States,x.x.x.222
1578,pwned@acme.com,United States,x.x.x.222
1579,pwned@acme.com,United States,x.x.x.222
1580,pwned@acme.com,United States,x.x.x.222
1581,pwned@acme.com,United States,x.x.x.222
1582,pwned@acme.com,United States,x.x.x.222
1583,pwned@acme.com,United States,x.x.x.222
1584,pwned@acme.com,United States,x.x.x.222
1585,pwned@acme.com,United States,x.x.x.222
1586,pwned@acme.com,United States,x.x.x.222
1587,pwned@acme.com,United States,x.x.x.222
1588,pwned@acme.com,United States,x.x.x.222
1589,pwned@acme.com,United States,x.x.x.222
1590,pwned@acme.com,United States,x.x.x.222
1591,pwned@acme.com,United States,x.x.x.222
1592,pwned@acme.com,United States,x.x.x.149
1593,pwned@acme.com,United States,x.x.x.149
1594,pwned@acme.com,United States,x.x.x.149
1595,pwned@acme.com,United States,x.x.x.149
1596,pwned@acme.com,United States,x.x.x.149
1597,pwned@acme.com,United States,x.x.x.149
1598,pwned@acme.com,United States,x.x.x.149
1599,pwned@acme.com,United States,x.x.x.105
1600,pwned@acme.com,United States,x.x.x.105
1601,pwned@acme.com,United States,x.x.x.105
1602,pwned@acme.com,United States,x.x.x.105
1603,pwned@acme.com,United States,x.x.x.105
1604,pwned@acme.com,United States,x.x.x.105
1605,pwned@acme.com,United States,x.x.x.227
1606,pwned@acme.com,United States,x.x.x.227
1607,pwned@acme.com,United States,x.x.x.227
1608,pwned@acme.com,United States,x.x.x.227
1609,pwned@acme.com,United States,x.x.x.227
1610,pwned@acme.com,United States,x.x.x.227
1611,pwned@acme.com,United States,x.x.x.227
1612,pwned@acme.com,United States,x.x.x.212
1613,pwned@acme.com,United States,x.x.x.212
1614,pwned@acme.com,United States,x.x.x.212
1615,pwned@acme.com,United States,x.x.x.212
1616,pwned@acme.com,United States,x.x.x.212
1617,pwned@acme.com,United States,x.x.x.212
